"","file_name"
"1","CD46wAcF5G5_1.jpg"
"2","CB5mwZog-61.jpg"
"3","CABpAqsjiia_2.jpg"
"4","CCDLvHPHWYk.jpg"
"5","CFJD2xegG9E_1.jpg"
"6","CD6Q46GHlfB_1.jpg"
"7","CEkms_wlGZW_2.jpg"
"8","CAVdgMrA_mk.jpg"
"9","CEzO5iEHG4V_1.jpg"
"10","CBB1pKMndfJ.jpg"
"11","CDvo1EBgUO_.jpg"
"12","CDZ0U_NHv4M_1.jpg"
"13","B-NvY51Hpne.jpg"
"14","CEHt183A-ir.jpg"
"15","B-_QHsMAh9Y.jpg"
"16","B_g_E6kpQeX.jpg"
"17","B8uQlEnlqJf.jpg"
"18","CB5ruLKAg1w.jpg"
"19","CAV6XX5gwgM.jpg"
"20","CEwZDAjo-D3.jpg"
"21","CEihOh-jqQH_5.jpg"
"22","B95FyQngnzm_4.jpg"
"23","CAtbyhZJmkU_1.jpg"
"24","B-z9hpcFXJX.jpg"
"25","CDpPdTwKt5F.jpg"
"26","B_soWiQpBgA.jpg"
"27","CAPpSM9J3Gr.jpg"
"28","CA-4zvMniEV.jpg"
"29","B-fZoyuHY0N_4.jpg"
"30","CBa-_kXqxai_1.jpg"
"31","CEvHmWhAmIY_10.jpg"
"32","CBsMDEqAt4a_1.jpg"
"33","B_Z6n6BHv-k.jpg"
"34","CA8EoaJpplj.jpg"
"35","CAA4qU6H2f_.jpg"
"36","B_DtrUKALZI.jpg"
"37","CAdNQRNgSGh.jpg"
"38","CDo7PAkALor_9.jpg"
"39","CCEEqrlHMLz_8.jpg"
"40","CAs6GdFnwEt_3.jpg"
"41","CC4kII4Az6l.jpg"
"42","B91W5kDg-SP.jpg"
"43","CCrao81BGex_2.jpg"
"44","B__YWRtgsjQ.jpg"
"45","CDefEybgel4.jpg"
"46","B-lNX4RlEdf.jpg"
"47","CC6z1XDFm6A.jpg"
"48","CE9CgiFjz9t_4.jpg"
"49","B_lQFWUH77l_1.jpg"
"50","CEn3Kt0gV0x_2.jpg"
"51","CDEB5bdgaTJ.jpg"
"52","B_Q7eGJDcoO.jpg"
"53","CBMENj4gPfL_2.jpg"
"54","CCzfoeVnYPn_1.jpg"
"55","CAMnuuYgpoA.jpg"
"56","CAzx2ZRFgqc_3.jpg"
"57","B8NXSk3BFZ1_9.jpg"
"58","CB4Wjy3AXde.jpg"
"59","CEkms_wlGZW_3.jpg"
"60","B_dYInLn7Fs_9.jpg"
"61","CBBUu69nbxy_5.jpg"
"62","CD_zk8LJ6vD.jpg"
"63","CAS1MqQpv8u.jpg"
"64","CAgan4FAtrw.jpg"
"65","CCOeUhWFOrx_1.jpg"
"66","CEisekmgVUg.jpg"
"67","CABX3s1nO1D_6.jpg"
"68","CE-yVFOgOeC_7.jpg"
"69","CC3S91gDSCs.jpg"
"70","CAexwbogxSM_4.jpg"
"71","CEBw01QHtZp_3.jpg"
"72","CAL-UQoAzSl.jpg"
"73","CAcoct6AGz4_1.jpg"
"74","CEDkPXBgDKz_2.jpg"
"75","CEmxiqBAabI_3.jpg"
"76","CAOrlXUHHxW.jpg"
"77","B_qwAhxnDxE.jpg"
"78","B-cKkIqFkh2.jpg"
"79","CAQOhRVARiD.jpg"
"80","CD2EmGeAr2o.jpg"
"81","B-0MP89nbky_3.jpg"
"82","B-tGl02AI68_1.jpg"
"83","B-1crukgnSN.jpg"
"84","CAikjKjFXmV_3.jpg"
"85","CCigHHIgIMl.jpg"
"86","B-wECiHHynp.jpg"
"87","CBQzg2SqZQA.jpg"
"88","CE3LcfJn5X5.jpg"
"89","B__lO0kpyl6.jpg"
"90","CDHXsZDJTut.jpg"
"91","B_xQs4DpdqE_2.jpg"
"92","CBPNV9QpRcS_7.jpg"
"93","CCmFrN6JKxw.jpg"
"94","B_gXQrpppE6_7.jpg"
"95","B8UK1felL5N.jpg"
"96","CDzvbB0AVb_.jpg"
"97","CAlGZ8-JjRc.jpg"
"98","CCpZWJAAVr-_4.jpg"
"99","CB_Sp7FJdSE_2.jpg"
"100","CEAVuBvAgOs.jpg"
